<bundle name="Rdesktop Native Client for Linux"
		id="adito-application-linux-native-rdesktop"
		license="Open Source/GPL"
		version="1.0"
		requiredHostVersion="0.9.0"
		order="99999"
		productURL="http://www.rdesktop.org/">
		
	<description>This client call the native RDP client (rdesktop) on workstations running Linux.</description>

	<extension name="Rdesktop Native Client for Linux"
			extension="adito-application-linux-native-rdesktop"
			type="executable"
			smallIcon="rdesktop16x16.gif"
			largeIcon="rdesktop32x32.gif">
			
		<description>This client call the native RDP client (rdesktop) on workstations running Linux.</description>
	
		<parameter category="1" type="0" name="hostname" sortOrder="0" validation="com.adito.input.validators.HostnameOrIPAddressWithReplacementsValidator"/>
		<parameter category="1" type="1" name="port" sortOrder="1" defaultValue="3389"/>
		<parameter optional="true" category="1" type="0" name="username" sortOrder="2"/>
		<parameter optional="true" category="1" type="4" name="password" sortOrder="3" defaultValue=""/>
		<parameter optional="true" category="1" type="0" name="domain" sortOrder="4"/>
		<parameter optional="true" category="1" type="0" name="clienthostname" sortOrder="5" defaultValue=""/>
		<parameter optional="true" category="1" type="0" name="keyboardmap" sortOrder="6" defaultValue=""/>
		<parameter optional="true" category="1" type="3" name="rdpversion" typeMeta="4,5" sortOrder="7" defaultValue="5"/>
		<parameter optional="true" category="1" type="2" name="seamlessrdp" typeMeta="1,0" sortOrder="8" defaultValue="0"/>
		<parameter optional="true" category="1" type="2" name="disableencryption" typeMeta="1,0" sortOrder="9" defaultValue="0"/>
		<parameter optional="true" category="1" type="2" name="disableencryptioncs" typeMeta="1,0" sortOrder="10" defaultValue="0"/>
		<parameter optional="true" category="1" type="0" name="windowstitle" sortOrder="11" defaultValue=""/>
		<parameter optional="true" category="2" type="3" name="screenmode" typeMeta="1,2" sortOrder="0" defaultValue="2"/>
		<parameter optional="true" category="2" type="1" name="width" sortOrder="1" defaultValue="1024"/>
		<parameter optional="true" category="2" type="1" name="height" sortOrder="2" defaultValue="768"/>	
		<parameter optional="true" category="2" type="3" name="bpp" typeMeta="8,15,16,24" sortOrder="3" defaultValue="16"/>
		<parameter optional="true" category="2" type="2" name="console" sortOrder="4" defaultValue="false"/>
		<parameter optional="true" category="2" type="2" name="bitmaps" sortOrder="5" defaultValue="false"/>
		<parameter optional="true" category="2" type="2" name="backingstore" sortOrder="6" defaultValue="false"/>
		<parameter optional="true" category="3" type="3" name="redirectaudio" typeMeta="0,1,2" sortOrder="0" defaultValue="0"/>
		<parameter optional="true" category="3" type="2" name="redirectdrives" typeMeta="1,0" sortOrder="1" defaultValue="0"/>
		<parameter optional="true" category="3" type="0" name="redirectdrivesdata"  sortOrder="2" defaultValue=""/>
		<parameter optional="true" category="3" type="2" name="redirectprinters" typeMeta="1,0" sortOrder="3" defaultValue="0"/>
		<parameter optional="true" category="3" type="0" name="redirectprintersdata" sortOrder="4" defaultValue=""/>
		<parameter optional="true" category="3" type="2" name="redirectcomports" typeMeta="1,0" sortOrder="5" defaultValue="0"/>
		<parameter optional="true" category="3" type="0" name="redirectcomportsdata" sortOrder="6" defaultValue=""/>
		<parameter optional="true" category="3" type="2" name="redirectparallelports" typeMeta="1,0" sortOrder="7" defaultValue="0"/>
		<parameter optional="true" category="3" type="0" name="redirectparallelportsdata" sortOrder="8" defaultValue=""/>
		<parameter optional="true" category="3" type="2" name="redirectsmartcards" typeMeta="1,0" sortOrder="9" defaultValue="0"/>    
		<parameter optional="true" category="3" type="0" name="redirectsmartcardsdata" sortOrder="10" defaultValue=""/>    
		<parameter optional="true" category="3" type="2" name="redirectlspci" typeMeta="1,0" sortOrder="11" defaultValue="0"/>    
		<parameter optional="true" category="4" type="0" name="command" sortOrder="0" defaultValue=""/>
		<parameter optional="true" category="4" type="0" name="cwd" sortOrder="2" defaultValue=""/>    
		<parameter optional="true" category="5" type="3" name="experience" typeMeta="0,1,2" sortOrder="0" defaultValue="0"/>
		<parameter optional="true" category="5" type="2" name="compression" typeMeta="1,0" sortOrder="1" defaultValue="1"/>   
		<parameter optional="true" category="5" type="2" name="bitmapcachepersistenable" typeMeta="1,0" sortOrder="2" defaultValue="1"/>
		<parameter optional="true" category="5" type="2" name="numlock" typeMeta="1,0" sortOrder="3" defaultValue="0"/>   
		<parameter optional="true" category="5" type="2" name="mousemotion" typeMeta="1,0" sortOrder="4" defaultValue="0"/>   
		<parameter optional="true" category="5" type="2" name="privatecolourmap" typeMeta="1,0" sortOrder="5" defaultValue="0"/>   
		<parameter optional="true" category="5" type="2" name="wmdecorations" typeMeta="1,0" sortOrder="6" defaultValue="0"/>   
		<parameter optional="true" category="5" type="2" name="keybindings" typeMeta="1,0" sortOrder="7" defaultValue="0"/>   
		<parameter optional="true" category="5" type="0" name="singleapplication" sortOrder="8" defaultValue=""/>   

		<messages>
			<message key="category.1.name">General</message>
			<message key="category.2.name">Display</message>
			<message key="category.3.name">Local Resources</message>
			<message key="category.4.name">Programs</message>
			<message key="category.5.name">Experience</message>
			<message key="hostname.name">Hostname</message>
			<message key="port.name">Port</message>
			<message key="username.name">Username</message>
			<message key="username.description">Username for authentication on the server</message>
			<message key="password.name">Password</message>
			<message key="password.description">The password to authenticate with.  Note that this may have no effect if "Always prompt for  password"  is  enabled  on  the  server. WARNING:  if  you  specify  a password on the command line it may be visible to other users when they use tools like ps.</message>
			<message key="domain.name">Domain</message>
			<message key="domain.description">Domain for authentication</message>
			<message key="clienthostname.name">Client hostname</message>
			<message key="clienthostname.description">Normally rdesktop automatically obtains the hostname of the client</message>
			<message key="keyboardmap.name">Keyboard layout</message>
			<message key="keyboardmap.description">Keyboard layout to emulate.  This requires a corresponding keymap " to be installed.  The standard keymaps provided with  rdesktop follow the RFC1766 naming scheme: a language code followed by a country code if necessary - e.g.  en-us, en-gb, de, fr, sv, etc.
				The  default  keyboard map depends on the current locale (LC_* and LANG environment variables). If the current locale is unknown, the default keyboard map is en-us (a US English keyboard).
				The keyboard maps are file names, which means that they are case sensitive. The standard keymaps are all in lowercase.
				The keyboard maps are searched relative to the directories  $HOME/.rdesktop/keymaps,  KEYMAP_PATH  (specified  at  build  time),  and $CWD/keymaps, in this order. The keyboard-map argument can also be an absolute filename.
				The  special  value ‘none’ can be used instead of a keyboard map.  In this case, rdesktop will guess the scancodes from the X11 event key codes using an internal mapping method. This method only supports the basic alphanumeric keys and may not work  properly  on  all platforms so its use is discouraged.</message>
			<message key="rdpversion.name">RDP Version</message>
			<message key="rdpversion.value.4">4</message>
			<message key="rdpversion.value.5">5</message>
			<message key="rdpversion.description">RDP version (default 5)</message>
			<message key="seamlessrdp.name">Seamless RDP</message>
			<message key="seamlessrdp.value.0">No</message>
			<message key="seamlessrdp.value.1">Yes</message>
			<message key="seamlessrdp.description"> Enable SeamlessRDP. In this mode, rdesktop creates a X11 window for each window on the server side. This mode requires the  SeamlessRDP  server side component, which is available from http://www.cendio.com/seamlessrdp/.  When using this option, you should specify a startup shell which launches the desired application through SeamlessRDP.
				Example: rdesktop -A -s ’seamlessrdpshell notepad’.</message>
			<message key="disableencryption.name">Disable encryption</message>
			<message key="disableencryption.value.0">No</message>
			<message key="disableencryption.value.1">Yes</message>
			<message key="disableencryption.description">Disable encryption.  This option is only needed (and will only work) if you have a French version of NT TSE</message>
			<message key="disableencryptioncs.name">Disable encryption from client to server</message>
			<message key="disableencryptioncs.value.0">No</message>
			<message key="disableencryptioncs.value.1">Yes</message>
			<message key="disableencryptioncs.description">This sends an encrypted login packet, but everything after this is unencrypted  (including interactive logins)</message>
			<message key="windowstitle.name">Windows title</message>
			<message key="windowstitle.description">Sets the window title. The title must be specified using an UTF-8 string. If not specified, it uses the hostname specified above</message>
			<message key="screenmode.name">Screen Mode</message>
			<message key="screenmode.value.1">Normal</message>
			<message key="screenmode.value.2">Fullscreen</message>
			<message key="width.name">Width</message>
			<message key="height.name">Height</message>
			<message key="bpp.name">Colors</message>
			<message key="bpp.value.8">256 Colors</message>
			<message key="bpp.value.15">High Color (15 bit)</message>
			<message key="bpp.value.16">High Color (16 bit)</message>
			<message key="bpp.value.24">True Color (24 bit)</message>
			<message key="bpp.description">Sets the colour depth for the connection (8, 15, 16 or 24).  More than 8 bpp are only supported when connecting to Windows XP (up  to 16  bpp) or newer.  Note that the colour depth may also be limited by the server configuration.</message>
			<message key="console.name">Console Session</message>
			<message key="console.description">Attach to the console of the server (requires Windows Server 2003 or newer)</message>
			<message key="bitmaps.name">Bitmaps updates</message>
			<message key="bitmaps.description">Force the server to send screen updates as bitmaps rather than using higher-level drawing operations</message>
			<message key="backingstore.name">Backingstore</message>
			<message key="backingstore.description">Use the BackingStore of the Xserver instead of the integrated one in rdesktop</message>
			<message key="redirectaudio.name">Redirect sound</message>
			<message key="redirectaudio.value.0">Bring to this computer</message>
			<message key="redirectaudio.value.1">Leave at remote computer</message>
			<message key="redirectaudio.value.2">Do not play</message>
			<message key="redirectaudio.description">Redirects sound generated on the server to the client. "remote" only has any effect when you connect to the console. (Requires Windows XP or newer)</message>
			<message key="redirectdrives.name">Redirect disk drives</message>
			<message key="redirectdrives.value.0">No</message>
			<message key="redirectdrives.value.1">Yes</message>
			<message key="redirectdrivesdata.name">Disk drives:</message>
			<message key="redirectdrivesdata.description">Redirects a path to the share \\tsclient\ &lt; sharename &gt; on the server (requires Windows XP or newer). The share name is limited to 8 characters.
				Example: TEMP=/tmp,[ &lt; sharename &gt; = &lt; path &gt; ],...</message>
			<message key="redirectprinters.name">Redirect printers</message>
			<message key="redirectprinters.value.0">No</message>
			<message key="redirectprinters.value.1">Yes</message>
			<message key="redirectprintersdata.name">Printers:</message>
			<message key="redirectprintersdata.description">Redirects a printer queue on the client to the server. The &lt;printername> is the name of the queue  in  your  local  system.  &lt; driver &gt; defaults to a simple PS-driver unless you specify one. Keep in mind that you need a 100% match in the server environment, or the driver will fail. The first printer on the command line will be set as your default printer.
				Example: PRN1[="HP LaserJet 4"],[ &lt; printername &gt; [= &lt; driver &gt; ]],...</message>
			<message key="redirectcomports.name">Redirect serial ports</message>
			<message key="redirectcomports.value.0">No</message>
			<message key="redirectcomports.value.1">Yes</message>
			<message key="redirectcomportsdata.name">Serial ports:</message>
			<message key="redirectcomportsdata.description">Redirects serial devices on your client to the server. Bidirectional/Read support requires Windows XP or newer. In Windows 2000 it will create a port, but it’s not seamless, most shell programs will not work with it.
				Example: COM3=/dev/ttyS0,[ &lt; comport &gt; = &lt; device &gt; ],...</message>
			<message key="redirectparallelports.name">Redirect parallel ports</message>
			<message key="redirectparallelports.value.0">No</message>
			<message key="redirectparallelports.value.1">Yes</message>
			<message key="redirectparallelportsdata.name">Parallel ports:</message>
			<message key="redirectparallelportsdata.description">Redirects parallel devices on your client to the server.  Bidirectional/Read support requires Windows XP or newer. In Windows 2000 it will create a port, but it’s not seamless, most shell programs will not work with it.
				Example: LPT3=/dev/lp0,[ &lt; lptport &gt; = &lt; device &gt; ],...</message>
			<message key="redirectsmartcards.name">Redirect smart cards</message>
			<message key="redirectsmartcards.value.0">No</message>
			<message key="redirectsmartcards.value.1">Yes</message>
			<message key="redirectsmartcardsdata.name">Smart card:</message>
			<message key="redirectsmartcardsdata.description">Enables redirection of one or more smart-cards. You can provide static name binding between linux and windows (or you can leave it empty). To do this you can use optional parameters as described: &lt; Scard Name &gt; - device name in Linux/Unix enviroment, &lt; Alias Name &gt; - device name shown in Windows enviroment, &lt; Vendor Name &gt; - optional device vendor name. For list of examples run rdesktop without parameters.
				Example: [ &lt; Scard Name &gt; = &lt; Alias Name &gt; [; &lt; Vendor Name &gt; ][,...]]</message>
			<message key="redirectlspci.name">Redirect lspci channel</message>
			<message key="redirectlspci.value.0">No</message>
			<message key="redirectlspci.value.1">Yes</message>
			<message key="redirectlspci.description">Activates the lspci channel, which allows the server to enumerate the clients PCI devices</message>
			<message key="command.name">Start the following program:</message>
			<message key="command.description">Startup shell for the user - starts a specific application instead of Explorer.</message>
			<message key="cwd.name">Start in the following folder:</message>
			<message key="cwd.description">The initial working directory for the user.  Often used in combination with -s to set up a fixed login environment.</message>
			<message key="experience.name">Experience</message>
			<message key="experience.value.0">Modem</message>
			<message key="experience.value.1">Broadband</message>
			<message key="experience.value.2">Lan</message>
			<message key="experience.description">Changes default bandwidth performance behaviour for RDP5. By default only theming is enabled, and  all  other  options  are  disabled (corresponding to modem (56 Kbps)). Setting experience to b[roadband] enables menu animations and full window dragging. Setting experience to l[an] will also enable the desktop wallpaper. Setting experience to m[odem] disables all (including themes)</message>
			<message key="compression.name">Use compression</message>
			<message key="compression.value.0">No</message>
			<message key="compression.value.1">Yes</message>
			<message key="compression.description">Enable compression of the RDP datastream</message>
			<message key="bitmapcachepersistenable.name">Bitmap caching</message>
			<message key="bitmapcachepersistenable.value.0">No</message>
			<message key="bitmapcachepersistenable.value.1">Yes</message>
			<message key="bitmapcachepersistenable.description">nable  caching of bitmaps to disk (persistent bitmap caching). This generally improves performance (especially on low bandwidth connections) and reduces network traffic at the cost of slightly longer startup and some disk space. (10MB for 8-bit colour, 20MB for 15/16-bit colour and 30MB for 24-bit colour sessions</message>
			<message key="numlock.name">Numlock Synchronization</message>
			<message key="numlock.value.0">No</message>
			<message key="numlock.value.1">Yes</message>
			<message key="numlock.description">Enable  numlock  syncronization  between  the Xserver and the remote RDP session.  This is useful with applications that looks at the numlock state, but might cause problems with some Xservers like Xvnc</message>
			<message key="mousemotion.name">Do not send mouse motion events</message>
			<message key="mousemotion.value.0">No</message>
			<message key="mousemotion.value.1">Yes</message>
			<message key="mousemotion.description">This saves bandwidth, although some Windows applications may rely on receiving mouse motion</message>
			<message key="privatecolourmap.name">Use  private  colourmap</message>
			<message key="privatecolourmap.value.0">No</message>
			<message key="privatecolourmap.value.1">Yes</message>
			<message key="privatecolourmap.description">This  will  improve colour accuracy on an 8-bit display, but rdesktop will appear in false colour when not focused.</message>
			<message key="wmdecorations.name">Hide window manager decorations</message>
			<message key="wmdecorations.value.0">No</message>
			<message key="wmdecorations.value.1">Yes</message>
			<message key="wmdecorations.description">Hide window manager decorations, by using MWM hints</message>
			<message key="keybindings.name">Do not override window manager key bindings</message>
			<message key="keybindings.value.0">No</message>
			<message key="keybindings.value.1">Yes</message>
			<message key="keybindings.description">Do not override window manager key bindings.  By default rdesktop attempts to grab all keyboard input when it is in focus</message>
			<message key="singleapplication.name">Enable single application mode</message>
			<message key="singleapplication.description">This option can be used when running a single, maximized application (via -s). When the minimize button  of  the windows application is pressed, the rdesktop window is minimized instead of the remote application. The maximize/restore button is disabled. For this to work, you must specify the correct button size, in pixels. The special word "standard" means 18  pixels</message>
		</messages>

		<tunnel name="rdp" hostname="${shortcut:hostname}" port="${shortcut:port}" usePreferredPort="false"/>

		<executable program="rdesktop">	
			<arg>${tunnel:rdp.hostname}:${tunnel:rdp.port}</arg>
			<if parameter="username" not="true" value="">
				<arg>-u</arg>
				<arg>${param:username}</arg>
			</if>
			<if parameter="password" not="true" value="">
				<arg>-p</arg>
				<arg>${param:password}</arg>
			</if>
			<if parameter="domain" not="true" value="">
				<arg>-d</arg>
				<arg>${param:domain}</arg>
			</if>
			<if parameter="clienthostname" not="true" value="">
				<arg>-n</arg>
				<arg>${param:clienthostname}</arg>
			</if>
			<if parameter="keyboardmap" not="true" value="">
				<arg>-k</arg>
				<arg>${param:keyboardmap}</arg>
			</if>
			<if parameter="rdpversion" value="4">
				<arg>-4</arg>
			</if>
			<if parameter="seamlessrdp" value="1">
				<arg>-A</arg>
			</if>
			<if parameter="disableencryption" value="1">
				<arg>-e</arg>
			</if>
			<if parameter="disableencryptioncs" value="1">
				<arg>-E</arg>
			</if>
				<if parameter="windowstitle" not="true" value="">
				<arg>-T</arg>
				<arg>${param:windowstitle}</arg>
			</if>
				<if parameter="windowstitle" value="">
				<arg>-T</arg>
				<arg>${param:hostname}</arg>
			</if>
			<if parameter="screenmode" value="2">
				<arg>-f</arg>
			</if>
			<if parameter="screenmode" value="1">
				<if parameter="width" not="true" value="">
					<if parameter="height" not="true" value="">
						<arg>-g</arg>
						<arg>${param:width}x${param:height}</arg>
					</if>
				</if>
			</if>
			<if parameter="bpp" not="true" value="">
				<arg>-a</arg>
				<arg>${param:bpp}</arg>
			</if>
				<if parameter="console" value="true">
				<arg>-0</arg>
			</if>
				<if parameter="bitmaps" value="true">
				<arg>-b</arg>
			</if>
				<if parameter="backingstore" value="true">
				<arg>-B</arg>
			</if>
			<if parameter="redirectaudio" value="0">
				<arg>-r</arg>
				<arg>sound:local</arg>
			</if>
			<if parameter="redirectaudio" value="1">
				<arg>-r</arg>
				<arg>sound:remote</arg>
			</if>
			<if parameter="redirectaudio" value="2">
				<arg>-r</arg>
				<arg>sound:off</arg>
			</if>
			<if parameter="redirectcomports" value="1">
				<if parameter="redirectcomportsdata" not="true" value="">
					<arg>-r</arg>
					<arg>comport:${param:redirectcomportsdata}</arg>
				</if>
			</if>
			<if parameter="redirectparallelports" value="1">
				<if parameter="redirectparallelportsdata" not="true" value="">
					<arg>-r</arg>
					<arg>lptport:${param:redirectparallelportsdata}</arg>
				</if>
			</if>
			<if parameter="redirectdrives" value="1">
				<if parameter="redirectdrivesdata" not="true" value="">
					<arg>-r</arg>
					<arg>disk:${param:redirectdrivesdata}</arg>
				</if>
			</if>
			<if parameter="redirectprinters" value="1">
				<if parameter="redirectprintersdata" not="true" value="">
					<arg>-r</arg>
					<arg>printer:${param:redirectprintersdata}</arg>
				</if>
			</if>
			<if parameter="redirectsmartcards" value="1">
				<if parameter="redirectsmartcardsdata" value="">
					<arg>-r</arg>
					<arg>scard</arg>
				</if>
				<if parameter="redirectsmartcardsdata" not="true" value="">
					<arg>-r</arg>
					<arg>scard:${param:redirectsmartcardsdata}</arg>
				</if>
			</if>
			<if parameter="redirectlspci" value="1">
				<arg>-r</arg>
				<arg>lspci</arg>
			</if>
			<if parameter="command" not="true" value="">
				<arg>-s</arg>
				<arg>${param:command}</arg>
			</if>
			<if parameter="cwd" not="true" value="">
				<arg>-c</arg>
				<arg>${param:cwd}</arg>
			</if>
			<if parameter="experience" value="1">
				<arg>-x</arg>
				<arg>b</arg>
			</if>
			<if parameter="experience" value="2">
				<arg>-x</arg>
				<arg>l</arg>
			</if>
			<if parameter="compression" value="1">
				<arg>-z</arg>
			</if>
			<if parameter="bitmapcachepersistenable" value="1">
				<arg>-P</arg>
			</if>
			<if parameter="numlock" value="1">
				<arg>-N</arg>
			</if>
			<if parameter="mousemotion" value="1">
				<arg>-m</arg>
			</if>
			<if parameter="privatecolourmap" value="1">
				<arg>-C</arg>
			</if>
			<if parameter="wmdecorations" value="1">
				<arg>-D</arg>
			</if>
			<if parameter="keybindings" value="1">
				<arg>-K</arg>
			</if>
			<if parameter="singleapplication" not="true" value="">
				<arg>-S</arg>
				<arg>${param:singleapplication}</arg>
			</if>
		</executable>
	</extension>
</bundle>
