<bundle type="executable"
		id="adito-application-winscp"
		license="GPL"
		name="WinSCP"
		version="4.0.5"
		requiredHostVersion="0.9.0"
		order="99999"
		productURL="http://winscp.net">

	
		<description>WinSCP is an open source freeware SFTP client for Windows using SSH.</description>
	
	<extension type="executable"
				extension="adito-application-winscp"
				name="WinSCP"
				smallIcon="WinSCP16x16.png"
				largeIcon="WinSCP32x32.png">
	
		<description>WinSCP is an open source freeware SFTP client for Windows using SSH.</description> 
	
		<parameter type="3" name="protocol" sortOrder="0" typeMeta="scp,sftp" defaultValue="sftp"/>
		<parameter type="0" name="username" sortOrder="3"/> 
		<parameter type="0" name="host" sortOrder="1"/> 
		<parameter type="1" name="port" sortOrder="2" defaultValue="22"/> 
		
		<messages> 
			<message key="protocol.name">Protocol</message> 
				<message key="protocol.value.scp">SCP</message> 
				<message key="protocol.value.sftp">SFTP</message> 
			<message key="username.name">Username</message> 
			<message key="host.name">Host</message> 
			<message key="port.name">Port</message> 
			<message key="sftp.name">SFTP</message> 
		</messages> 
		
		<files>
			<file>WinSCP16x16.png</file>
			<file>WinSCP32x32.png</file>
			<file>winscp405.exe</file> 
		</files> 
		
		<tunnel name="winscp" hostname="${shortcut:host}" port="${shortcut:port}" usePreferredPort="false"/>
		
		<executable program="${client:installDir}/winscp405.exe"> 
			<arg>${param:protocol}://${param:username}@${tunnel:winscp.hostname}:${tunnel:winscp.port}</arg>
		</executable> 
	</extension>
</bundle>
